U	m
AAACACCAGAAACCTA-1_0	1254
AAACACCAGAAACCTA-1_91	1254
AAACACCAGAAACCTA-1_90	1254
AAACACCAGAAAGCTT-1_0	1313
AAACACCAGAACGACC-1_0	1819
AAACACCAGAACGACT-1_0	1819
AAACACCAGAACGCCA-1_0	4173
100_55_25_0	1254
100_55_25_91	1254
100_55_25_90	1254
543_288_92_0	1313
75_288_50_0	1819
92_300_57_0	1819
22_1_9_0	4173

U	V	m
100_55_25_90	543_288_92_0	1
100_55_25_90	75_288_50_0	1
100_55_25_91	92_300_57_0	1
100_55_25_91	22_1_9_0	1
AAACACCAGAAACCTA-1_90	AAACACCAGAAAGCTT-1_0	1
AAACACCAGAAACCTA-1_90	AAACACCAGAACGACC-1_0	1
AAACACCAGAAACCTA-1_91	AAACACCAGAACGACT-1_0	1
AAACACCAGAAACCTA-1_91	AAACACCAGAACGCCA-1_0	1
